<?xml version="1.0" encoding="UTF-8"?>
<configuration>
    <!-- 最好使用绝对路径 -->
    <property name="LOG_HOME" value="logs"/>
    <conversionRule conversionWord="color" converterClass="com.angel.volunteer_system.volunteer.Config.LogbackColorful"/>

    <appender name="CONSOLE" class="ch.qos.logback.core.ConsoleAppender">
        <encoder charset="UTF-8">
            <pattern>[%d{yyyy-MM-dd HH:mm:ss.SSS}] %color(%level) %magenta([%thread]) %file:%line %red(-) %msg%n</pattern>
            <charset>UTF-8</charset>
        </encoder>
    </appender>

    <appender name="SYS_INFO" class="ch.qos.logback.core.rolling.RollingFileAppender">
        <append>true</append>
        <!--过滤器,只打INFO级别的日志-->
        <filter class="ch.qos.logback.classic.filter.LevelFilter">
            <level>INFO</level>
            <onMatch>ACCEPT</onMatch>
            <onMismatch>DENY</onMismatch>
        </filter>
        <rollingPolicy class="ch.qos.logback.core.rolling.TimeBasedRollingPolicy">
            <fileNamePattern>${LOG_HOME}/info/info-%d{yyyy-MM-dd}.log</fileNamePattern>
            <maxHistory>30</maxHistory>
        </rollingPolicy>

        <encoder charset="UTF-8">
            <pattern>[%d{yyyy-MM-dd HH:mm:ss.SSS}] %level [%thread] %file:%line - %msg%n</pattern>
            <charset>UTF-8</charset>
        </encoder>
    </appender>

    <appender name="SYS_ERROR" class="ch.qos.logback.core.rolling.RollingFileAppender">
        <append>true</append>
        <!--过滤器,只打ERROR级别的日志-->
        <filter class="ch.qos.logback.classic.filter.LevelFilter">
            <level>ERROR</level>
            <onMatch>ACCEPT</onMatch>
            <onMismatch>DENY</onMismatch>
        </filter>
        <rollingPolicy class="ch.qos.logback.core.rolling.TimeBasedRollingPolicy">
            <fileNamePattern>${LOG_HOME}/error/error-%d{yyyy-MM-dd}.log</fileNamePattern>
            <maxHistory>12</maxHistory>
        </rollingPolicy>

        <encoder charset="UTF-8">
            <pattern>[%d{yyyy-MM-dd HH:mm:ss.SSS}] %level [%thread] %file:%line - %msg%n</pattern>
            <charset>UTF-8</charset>
        </encoder>
    </appender>

    <logger name="com.act.award" level="INFO"/>
    <logger name="com.act.award" level="DEBUG"/>

    <!--info和error分开打印-->
    <root level="INFO">
        <appender-ref ref="CONSOLE"/>
        <appender-ref ref="SYS_INFO"/>
        <appender-ref ref="SYS_ERROR"/>
    </root>

</configuration>
